URL_ID,URL
39,https://insights.blackcoﬀer.com/what-jobs-will-robots-take-from-humans-in-the-future/
40,https://insights.blackcoﬀer.com/will-machine-replace-the-human-in-the-future-of-work/
41,https://insights.blackcoﬀer.com/will-ai-replace-us-or-work-with-us/
46,https://insights.blackcoﬀer.com/deep-learning-impact-on-areas-of-e-learning/
51,https://insights.blackcoﬀer.com/future-of-work-how-ai-has-entered-the-workplace/
58,https://insights.blackcoﬀer.com/environmental-impact-of-the-covid-19-pandemic-lesson-for-the-future/
63,https://insights.blackcoﬀer.com/what-is-the-future-of-mobile-apps/
64,https://insights.blackcoﬀer.com/impact-of-ai-in-health-and-medicine/
66,https://insights.blackcoﬀer.com/how-we-forecast-future-technologies/
67,https://insights.blackcoﬀer.com/can-robots-tackle-late-life-loneliness/
72,https://insights.blackcoﬀer.com/will-we-ever-understand-the-nature-of-consciousness/
73,https://insights.blackcoﬀer.com/will-we-ever-colonize-outer-space/
74,https://insights.blackcoﬀer.com/what-is-the-chance-homo-sapiens-will-survive-for-the-next-500-years/
75,https://insights.blackcoﬀer.com/why-does-your-business-need-a-chatbot/
79,https://insights.blackcoﬀer.com/how-to-overcome-your-fear-of-making-mistakes-2/
82,https://insights.blackcoﬀer.com/gender-diversity-and-equality-in-the-tech-industry/
83,https://insights.blackcoﬀer.com/how-to-overcome-your-fear-of-making-mistakes/
84,https://insights.blackcoﬀer.com/how-small-business-can-survive-the-coronavirus-crisis/
85,https://insights.blackcoﬀer.com/impacts-of-covid-19-on-vegetable-vendors-and-food-stalls/
86,https://insights.blackcoﬀer.com/impacts-of-covid-19-on-vegetable-vendors/
88,https://insights.blackcoﬀer.com/impact-of-covid-19-pandemic-on-sports-events-around-the-world/
89,https://insights.blackcoﬀer.com/changing-landscape-and-emerging-trends-in-the-indian-it-ites-industry/
91,https://insights.blackcoﬀer.com/human-rights-outlook/
92,https://insights.blackcoﬀer.com/how-voice-search-makes-your-business-a-successful-business/
94,https://insights.blackcoﬀer.com/how-to-increase-social-media-engagement-for-marketers/
95,https://insights.blackcoﬀer.com/impacts-of-covid-19-on-streets-sides-food-stalls/
96,https://insights.blackcoﬀer.com/coronavirus-impact-on-energy-markets-2/
97,https://insights.blackcoﬀer.com/coronavirus-impact-on-the-hospitality-industry-5/
98,https://insights.blackcoﬀer.com/lessons-from-the-past-some-key-learnings-relevant-to-the-coronavirus-crisis-4/
101,https://insights.blackcoﬀer.com/travel-and-tourism-outlook/
109,https://insights.blackcoﬀer.com/lessons-from-the-past-some-key-learnings-relevant-to-the-coronavirus-crisis/
110,https://insights.blackcoﬀer.com/covid-19-how-have-countries-been-responding/
111,https://insights.blackcoﬀer.com/coronavirus-impact-on-the-hospitality-industry-2/
113,https://insights.blackcoﬀer.com/coronavirus-impact-on-the-hospitality-industry-3/
115,https://insights.blackcoﬀer.com/covid-19-how-have-countries-been-responding-2/
117,https://insights.blackcoﬀer.com/lessons-from-the-past-some-key-learnings-relevant-to-the-coronavirus-crisis-2/
118,https://insights.blackcoﬀer.com/lessons-from-the-past-some-key-learnings-relevant-to-the-coronavirus-crisis-3/
119,https://insights.blackcoﬀer.com/coronavirus-impact-on-the-hospitality-industry-4/
120,https://insights.blackcoﬀer.com/why-scams-like-nirav-modi-happen-with-indian-banks/
121,https://insights.blackcoﬀer.com/impact-of-covid-19-on-the-global-economy/
122,https://insights.blackcoﬀer.com/impact-of-covid-19coronavirus-on-the-indian-economy-2/
123,https://insights.blackcoﬀer.com/impact-of-covid-19-on-the-global-economy-2/
124,https://insights.blackcoﬀer.com/impact-of-covid-19-coronavirus-on-the-indian-economy-3/
126,https://insights.blackcoﬀer.com/how-prepared-is-india-to-tackle-a-possible-covid-19-outbreak/
129,https://insights.blackcoﬀer.com/coronavirus-impact-on-the-hospitality-industry/
130,https://insights.blackcoﬀer.com/coronavirus-impact-on-energy-markets/
137,https://insights.blackcoﬀer.com/what-do-you-think-is-the-lesson-or-lessons-to-be-learned-with-covid-19/
138,https://insights.blackcoﬀer.com/coronavirus-the-unexpected-challenge-for-the-european-union/
140,https://insights.blackcoﬀer.com/impact-of-covid-19-coronavirus-on-the-indian-economy/
141,https://insights.blackcoﬀer.com/impact-of-covid-19-coronavirus-on-the-indian-economy-2/
142,https://insights.blackcoﬀer.com/impact-of-covid-19coronavirus-on-the-indian-economy/
143,https://insights.blackcoﬀer.com/impact-of-covid-19-coronavirus-on-the-global-economy/
146,https://insights.blackcoﬀer.com/blockchain-for-payments/
